service_name,address,latitude,longitude,services_offered,details_url,scrape_ts
Bromelton Energy & Resource Centre,"Lot 1 Beaudesert-Boonah Road, Bromelton QLD",-27.975059190727386,152.92509487274305,Miscellaneous,https://www.cleanaway.com.au/location/bromelton-energy-and-resource-centre/,2024-03-10 23:51:34
Albany Transfer Station & MRF,"2-16 Cuming Road & 37 Maxwell Street, Albany, WA, 6330",-35.01078332713777,117.86331638131479,"Solid waste services, Office",https://www.cleanaway.com.au/location/albany/,2024-03-10 23:51:38
Albury-Wodonga Solid Waste Services,"26 Reiff St, Lavington, NSW, 2641",-36.037913,146.964581,Solid waste services,https://www.cleanaway.com.au/location/lavington/,2024-03-10 23:51:44
Alexandra Solid Waste Services,"4-8 Station Street, Alexandra, VIC, 3714",-37.183192,145.712031,Solid waste services,https://www.cleanaway.com.au/location/alexandra/,2024-03-10 23:51:52
Cleanaway Alice Springs Solid Waste Depot,"6 Wilkinson Street, Ciccone, NT, 0870",-23.700021,133.871345,Solid waste services,https://www.cleanaway.com.au/location/alice-springs/,2024-03-10 23:52:00
Cleanaway Allerton Road Albany Solid Waste Depot,"12 Allerton Road, Albany, WA, 6330",-35.019758,117.842441,Solid waste services,https://www.cleanaway.com.au/location/albany-2/,2024-03-10 23:52:04
Cleanaway Altona - Solid Waste Services,"72/80 Harcourt Rd, Altona, VIC, 3018",-37.850366199805535,144.78138768865674,"Solid waste services, Office",https://www.cleanaway.com.au/location/altona/,2024-03-10 23:52:10
Cleanaway Armidale - Solid Waste Services,"288 Mann St, Armidale, NSW, 2350",-30.51527835194161,151.64309622948613,Solid waste services,https://www.cleanaway.com.au/location/armidale/,2024-03-10 23:52:15
Artarmon Resource Recovery Centre,"12 Lancely Place, Artarmon. NSW 2064",-33.81941739932726,151.18695141885684,Solid waste services,https://www.cleanaway.com.au/location/cleanaway-artarmon-resource-recovery-centre/,2024-03-10 23:52:20
Cleanaway Ashmore Solid Waste Services,"50-60 Harper St, Molendinar QLD 4214",-27.9851011151081,153.36123030773044,Solid waste services,https://www.cleanaway.com.au/location/ashmore/,2024-03-10 23:52:27
Auburn Resource Recovery Centre,"Old Hill Link, Sydney Olympic Park. NSW 2217",-33.84398343886091,151.05823444596416,Solid waste services,https://www.cleanaway.com.au/location/cleanaway-auburn-resource-recovery-centre/,2024-03-10 23:52:32
Cleanaway Ayr - Solid Waste Services,"Mackenzie Street, Ayr, QLD, 4807",-19.56460801156244,147.38776649026067,"Solid waste services, Office",https://www.cleanaway.com.au/location/ayr/,2024-03-10 23:52:38
Cleanaway Bairnsdale Solid Waste Services,"57 Forge Creek Road, Bairnsdale, VIC, 3875",-37.83739425485061,147.61053899247509,Solid waste services,https://www.cleanaway.com.au/location/bairnsdale/,2024-03-10 23:52:44
Cleanaway Batemans Bay - Solid Waste Services,"36 Cranbrook Road, Batemans Bay, NSW, 2536",-35.720454277209235,150.1697287150359,"Solid waste services, Office",https://www.cleanaway.com.au/location/batemans-bay/,2024-03-10 23:52:50
Cleanaway Bathurst - Solid Waste Services,"22 Upfold Street, Bathurst, NSW, 2795",-33.426071238905635,149.58947343947082,"Solid waste services, Office",https://www.cleanaway.com.au/location/bathurst-2/,2024-03-10 23:52:59
Cleanaway Bega - Solid Waste Services,"116 Kerrison Lane, Bega, NSW, 2550",-36.71134645576057,149.8483112523715,"Solid waste services, Office",https://www.cleanaway.com.au/location/bega/,2024-03-10 23:53:04
Cleanaway Belrose Resource Recovery Centre,"End of Crozier Road, Belrose. NSW 2085",-33.71595868590502,151.2117178321567,Solid waste services,https://www.cleanaway.com.au/location/cleanaway-belrose-resource-recovery-centre/,2024-03-10 23:53:06
Benalla,"13 Enterprise Dr, Benalla, VIC, 3672",-36.5432780,146.0141100,Solid waste services,https://www.cleanaway.com.au/location/benalla/,2024-03-10 23:53:12
Cleanaway Beresfield Newcastle - Solid Waste Services,"16 Canavan Drive, Beresfield, NSW, 2320",-32.79962745880024,151.63135034262902,Solid waste services,https://www.cleanaway.com.au/location/beresfield/,2024-03-10 23:53:17
Cleanaway Beresfield CDS Depot,"2 Balbu Close, Beresfield, NSW, 2322",-32.80884244561758,151.63143037534653,Miscellaneous,https://www.cleanaway.com.au/location/beresfield-cds-depot/,2024-03-10 23:53:22
Cleanaway Beresfield - Solid Waste Services,"2 Balbu Close, Beresfield, NSW, 2322",-32.808760,151.631418,Solid waste services,https://www.cleanaway.com.au/location/beresfield-solid-waste/,2024-03-10 23:53:28
Cleanaway Bohle – Liquid Waste Services,"96-102 Enterprise Street, Bohle, QLD, 4818",-19.254033568829474,146.71310062471952,"Liquid waste services, Industrial waste services",https://www.cleanaway.com.au/location/bohle/,2024-03-10 23:53:33
Cleanaway Bohle - Solid Waste Services,"77-97 Enterprise Street, Bohle, QLD, 4818",-19.254777104275867,146.71348655131737,Solid waste services,https://www.cleanaway.com.au/location/bohle-2/,2024-03-10 23:53:38
Cleanaway Bowen - Solid Waste Services,"Reynolds St &, Norris St, Bowen QLD 4805",-20.011933975163764,148.23199791201196,Solid waste services,https://www.cleanaway.com.au/location/bowen/,2024-03-10 23:53:44
Cleanaway Brooklyn Resource Recovery Centre,"174 Old Geelong Road, Brooklyn, VIC, 3012",-37.81864883651084,144.82808276413695,Solid waste services,https://www.cleanaway.com.au/location/brooklyn/,2024-03-10 23:53:49
Cleanaway Broome Solids Waste Services,"18 Archer St, Broome, WA, 6725",-17.981996102562615,122.20599838161814,Solid waste services,https://www.cleanaway.com.au/location/broome/,2024-03-10 23:53:54
Cleanaway Buckley Grove Moolap Depot,"61-65 Buckley Grove, Moolap, VIC 3224",-38.16508975539242,144.42933521027365,Solid waste services,https://www.cleanaway.com.au/location/buckley-grove-moolap/,2024-03-10 23:54:04
Cleanaway Bundaberg East - Solid Waste Services,"Shed 7 - No. 9 Steptoe Street, East Bundaberg, QLD, 4670",-24.864322017617887,152.37487465319953,Solid waste services,https://www.cleanaway.com.au/location/bundaberg-2/,2024-03-10 23:54:11
Cleanaway Bundaberg Liquid Waste Services,"46 University Drive, Bundaberg, QLD, 4670",-24.898466154218628,152.30921473282476,Liquid waste services,https://www.cleanaway.com.au/location/bundaberg/,2024-03-10 23:54:16
Cleanaway Burleigh Heads Industrial Waste Services,"11 Alex Fisher Drive, Burleigh Heads, QLD, 4220",-28.104142115144693,153.4085124092492,Industrial waste services,https://www.cleanaway.com.au/location/burleigh-heads/,2024-03-10 23:54:22
Cleanaway Cairns - Woree Liquid Waste Services,"44-46 Links Dr, Woree, QLD, 4868",-16.957918274408513,145.75211073879282,Liquid waste services,https://www.cleanaway.com.au/location/woree/,2024-03-10 23:54:27
Cairns Greenbank Rd,"63 Greenbank Road, Stratford, QLD, 4870",-16.8695734,145.7404056,Office,https://www.cleanaway.com.au/location/cairns-greenbank-rd/,2024-03-10 23:54:34
Cleanaway Campbellfield Contaminated Water and Workshop Waste Services,"126 Barry Road, Campbellfield, VIC, 3061",-37.66724202087309,144.96513168371325,Liquid waste services,https://www.cleanaway.com.au/location/campbellfield/,2024-03-10 23:54:41
Campbellfield ERS,"84-86 Lara Way, Campbellfield, VIC, 3061",-37.66724293021068,144.96512690776305,"Office, Public Waste Drop-off",https://www.cleanaway.com.au/location/cleanaway-armidale-solid-waste-services-2/,2024-03-10 23:54:47
Cleanaway Chadwick - Solid Waste Services,"41 Simpson Street, Chadwick, WA, 6450",-33.83934506120301,121.8962367468948,"Solid waste services, Office",https://www.cleanaway.com.au/location/esperance-chadwick/,2024-03-10 23:54:53
Cleanaway Clarinda Carroll Road Landfill,"Carroll Road, Clarinda, VIC, 3169",-37.932723984843136,145.09372689856437,Miscellaneous,https://www.cleanaway.com.au/location/clarinda/,2024-03-10 23:54:59
Cleanaway Clayton South Resource Recovery Centre,"cnr Fraser Rd & Deals Rd, Clayton South, VIC, 3169",-37.94525778103721,145.12222022243114,Solid waste services,https://www.cleanaway.com.au/location/clayton-resource-recovery-centre/,2024-03-10 23:55:05
Cleanaway Coffs Harbour - Solid Waste Depot,"754 Pacific Hwy, Boambee, NSW, 2450",-30.34413261205187,153.0689147374826,Solid waste services,https://www.cleanaway.com.au/location/coffs-harbour/,2024-03-10 23:55:11
﻿Cleanaway Coolaroo Material Recovery Facility,"94 Maffra Street, Coolaroo, Vic, 3048",-37.657805235820035,144.94172450275,Solid waste services,https://www.cleanaway.com.au/location/coolaroo/,2024-03-10 23:55:18
Cleanaway Craiglie - Solid Waste Services,"10 Teamsters Close, Craiglie, QLD, 4877",-16.538147,145.467558,Solid waste services,https://www.cleanaway.com.au/location/craiglie/,2024-03-10 23:55:24
Cleanaway Crestmead - Liquid Waste Services,"10 Platinum Street, Crestmead, QLD, 4132",-27.67874837810533,153.07619591827645,Liquid waste services,https://www.cleanaway.com.au/location/crestmead/,2024-03-10 23:55:29
Cleanaway Dandenong Liquid Waste Services,"88-92 Ordish Road, Dandenong South, VIC, 3175",-38.0256031576796,145.1924643073468,Liquid waste services,https://www.cleanaway.com.au/location/dandenong-south-twt/,2024-03-10 23:55:35
"Cleanaway Dandenong Oil, Workshop, and Parts Washer Waste Services","19-21 Berends Drive, Dandenong South, VIC, 3175",-38.029214053474774,145.19611213703328,Liquid waste services,https://www.cleanaway.com.au/location/dandenong-south-nwo/,2024-03-10 23:55:40
Cleanaway Dandenong South SEMTS - Solid Waste Services,"73-85 Thomas Murrell Crescent, Dandenong South, Victoria, 3175",-38.02157293522325,145.19341874916216,"Solid waste services, Transfer Station",https://www.cleanaway.com.au/location/dandenong-semts/,2024-03-10 23:55:44
Dandenong Skin & Hyde,"91 Ordish Road, Dandenong, VIC, 3175",-38.0235617,145.1928241,Office,https://www.cleanaway.com.au/location/dandenong-skin-hyde/,2024-03-10 23:55:51
Cleanaway Dandenong South Solid Waste Depot,349 Perry Road Dandenong South VIC 3175 Australia,-38.03302757295915,145.18734995109673,Solid waste services,https://www.cleanaway.com.au/location/dandenong-south-solid-waste-depot/,2024-03-10 23:55:55
Cleanaway Dandenong South - Solid Waste Services,"72/76 Thomas Murrell Cres, Dandenong South, VIC, 3175",-38.02104115065446,145.19383424900428,Solid waste services,https://www.cleanaway.com.au/location/dandenong-south/,2024-03-10 23:55:59
Cleanaway Daniels Bibra Lake - Medical Waste Services,"19 Coolibah Way, Bibra Lake, WA, 6163",-32.11182749087542,115.81300083055092,Cleanaway Daniels,https://www.cleanaway.com.au/location/bibra-lake/,2024-03-10 23:56:06
Cleanaway Daniels Dandenong South - Medical Waste Services,"34-36 Cahill Street, Dandenong South, VIC, 3175",-38.02640825790237,145.19616706193867,Cleanaway Daniels,https://www.cleanaway.com.au/location/cleanaway-daniels-dandenong/,2024-03-10 23:56:11
Cleanaway Daniels Laverton North - Health Services,"110 Dohertys Road, Laverton North, VIC, 3026",-37.828075937035166,144.79158837975473,Cleanaway Daniels,https://www.cleanaway.com.au/location/cleanaway-daniels-laverton-north/,2024-03-10 23:56:15
Cleanaway Daniel’s Mitchell – Medical Waste Services,"Building 1, 9 Sandford Street, Mitchell, ACT, 2911",-35.22250147154668,149.14199225813613,Miscellaneous,https://www.cleanaway.com.au/location/mitchell/,2024-03-10 23:56:21
Cleanaway Daniels Silverwater – Medical Waste Services,"41 Vore Street (Units 1 & 2, 108-120 Silverwater Rd), Silverwater, NSW, 2128",-33.83478498364579,151.0462533209851,Cleanaway Daniels,https://www.cleanaway.com.au/location/cleanaway-daniels-vore-street-silverwater/,2024-03-10 23:56:27
Cleanaway Daniels Wiblin Street Silverwater – Medical Waste Services,"2-12-16 Wiblin Street, Silverwater, NSW, 2128",-33.8366922261095,151.0461036704018,Cleanaway Daniels,https://www.cleanaway.com.au/location/cleanaway-daniels-wiblin-street-silverwater/,2024-03-10 23:56:34
Cleanaway Daniels Wingfield - Medical Waste Services,"44-46 Francis Rd, Wingfield, SA, 5017",-34.84472759356661,138.54820707429565,Cleanaway Daniels,https://www.cleanaway.com.au/location/cleanaway-daniels-wingfield/,2024-03-10 23:56:41
Cleanaway Daniels Yatala - Medical Waste Services,"Unit 4/63 Burnside Road, Yatala, QLD, 4207",-27.74922478049947,153.24447788220166,Cleanaway Daniels,https://www.cleanaway.com.au/location/cleanaway-daniels-yatala/,2024-03-10 23:56:46
Cleanaway Dardanup Solid Waste Services,"Lot 2, Banksia Road, Dardanup, WA, 6236",-33.42629127314418,115.77764919907574,Solid waste services,https://www.cleanaway.com.au/location/dardanup/,2024-03-10 23:56:51
Cleanaway Darra Industrial Waste Services,"20-28 Machinery Street, Darra, QLD, 4076",-27.578280348233992,152.94684511714811,Industrial waste services,https://www.cleanaway.com.au/location/darra/,2024-03-10 23:56:59
Cleanaway Dawesville Solid Waste Services,"Tims Thicket Road, Dawesville, WA, 6211",-32.65237916212816,115.62129924934099,Solid waste services,https://www.cleanaway.com.au/location/dawesville/,2024-03-10 23:57:07
Cleanaway Delacombe - Solid Waste Services,"20 Douglas Street, Delacombe, VIC, 3350",-37.57480062234263,143.82535028354164,"Solid waste services, Office",https://www.cleanaway.com.au/location/delacombe/,2024-03-10 23:57:13
Cleanaway Derby Solid Waste Services,"Lot 909 Millard Street, Derby, WA, 6728",-17.317786617399953,123.6488173913029,Solid waste services,https://www.cleanaway.com.au/location/derby/,2024-03-10 23:57:18
Cleanaway Derwent Park MRF,"127 Derwent Park Road, Derwent Park TAS 7009",-42.8345726871458,147.30535362602515,Solid waste services,https://www.cleanaway.com.au/location/derwent-park/,2024-03-10 23:57:24
Cleanaway Doonan - Solid Waste Services,"561 Eumundi Noosa Rd, Doonan, QLD, 45674566",-26.435816,153.024719,Solid waste services,https://www.cleanaway.com.au/location/noosaville/,2024-03-10 23:57:30
Cleanaway Dubbo - Solid Waste Services,"2 Jannali Road, West Dubbo, NSW, 2830",-32.2415533993811,148.58408019422927,"Solid waste services, Office",https://www.cleanaway.com.au/location/dubbo/,2024-03-10 23:57:35
Cleanaway Dundowran CDS Depot,"9 Industrial Ave. Dundowran, QLD, 4655",-25.295948827561027,152.79123023106774,Solid waste services,https://www.cleanaway.com.au/location/dundowran-depot/,2024-03-10 23:57:41
Cleanaway East Bendigo - Solid Waste Services,"63-69 Beischer Street, East Bendigo, VIC, 3551",-36.75230709865194,144.3090067887239,"Solid waste services, Office",https://www.cleanaway.com.au/location/bendigo/,2024-03-10 23:57:46
Cleanaway Eastern Creek Solids Waste Services,"1A Raffles Glade, Eastern Creek, NSW, 2766",-33.79913305824948,150.83532951555915,Solid waste services,https://www.cleanaway.com.au/location/eastern-creek/,2024-03-10 23:57:52
Cleanaway Emerald - Solid Waste Services,"23 Cotton View Rd, Emerald, QLD, 4720",-23.50416947847322,148.1495913433463,Solid waste services,https://www.cleanaway.com.au/location/emerald/,2024-03-10 23:57:58
Cleanaway Erskine Park Landfill,"85-87 Quarry Road, Erskine Park NSW 2759",-33.81832018464325,150.78372355116778,Solid waste services,https://www.cleanaway.com.au/location/erskine-park-landfill/,2024-03-10 23:58:03
Cleanaway Erskine Park - Solid Waste Services,"48 Quarry Road, Erskine Park, NSW, 2759",-33.81914272186035,150.78191547347808,Solid waste services,https://www.cleanaway.com.au/location/erskine-park-solid-waste/,2024-03-10 23:58:10
Erskine Park Transfer Station,"85-87 Quarry Road, Erskine Park, NSW, 2759",-33.8188823594222,150.7831135000006,"Transfer Station, Office",https://www.cleanaway.com.au/location/erskine-park-transfer-station/,2024-03-10 23:58:15
Cleanaway Gladstone - Industrial Waste Services,"41 Guerassimoff Road, Gladstone, QLD, 4680",-23.80979455426217,151.14810492116328,Industrial waste services,https://www.cleanaway.com.au/location/yarwun/,2024-03-10 23:58:20
Cleanaway Glendenning - Liquid Waste Services,"6-8 Rayben Street, Glendenning, NSW, 2761",-33.75056846092886,150.85632264327973,Liquid waste services,https://www.cleanaway.com.au/location/glendenning/,2024-03-10 23:58:25
Cleanaway Glendenning Municipal Collections Site,"43 Cox Place, Glendenning NSW 2761",-33.7491765448081,150.84725438595396,Solid waste services,https://www.cleanaway.com.au/location/cox-place-glendenning/,2024-03-10 23:58:27
Cleanaway Glenorchy Solid Waste Services,1 Mckay Avenue Glenorchy TAS 7010,-42.82819751549476,147.27509695317426,Solid waste services,https://www.cleanaway.com.au/location/glenorchy/,2024-03-10 23:58:33
Cleanaway Grafton Depot,"Shed 35, 160-170 North Street, Grafton, NSW, 2460",-29.670985262627195,152.9398891754968,Miscellaneous,https://www.cleanaway.com.au/location/grafton/,2024-03-10 23:58:39
Cleanaway Greenacre - Solid Waste Services,"44 Claremont Avenue, Greenacre, NSW, 2190",-33.901456652112174,151.03822187131976,Solid waste services,https://www.cleanaway.com.au/location/greenacre/,2024-03-10 23:58:43
Cleanaway Griffith - Solid Waste Services,"88 Wakaden Street, Griffith, NSW, 2680",-34.288498,146.067276,Solid waste services,https://www.cleanaway.com.au/location/griffith/,2024-03-10 23:58:50
Cleanaway Gympie - Solid Waste Services,"19 Dennis Little Drive, Gympie, QLD, 4570",-26.223868,152.698278,Solid waste services,https://www.cleanaway.com.au/location/gympie/,2024-03-10 23:58:55
Cleanaway Hallam Material Recovery Transfer Station,"39 Wedgewood Drive, Hallam, Vic, 3803",-38.0086916161689,145.25558345278245,Transfer Station,https://www.cleanaway.com.au/location/hallam/,2024-03-10 23:59:01
Cleanaway Heatherbrae Liquid Waste Services,"42 Heather Street, Heatherbrae, NSW, 2324",-32.78798584680819,151.7351288525832,Liquid waste services,https://www.cleanaway.com.au/location/heatherbrae/,2024-03-10 23:59:06
Hemmant Packaging Waste Recycling: Cardboard Paper Plastics,"94 Anton Road, Hemmant, QLD, 4174",-27.431895041434345,153.1322474976208,Miscellaneous,https://www.cleanaway.com.au/location/hemmant/,2024-03-10 23:59:13
Cleanaway Henderson Waste Water Treatment Facility,"24 Stuart Drive, Henderson, WA, 6166",-32.16433268677475,115.77648794262565,Liquid waste services,https://www.cleanaway.com.au/location/henderson/,2024-03-10 23:59:19
Cleanaway Hervey Bay – MRF,"48-50 Industrial Ave.Dundowran, Hervey Bay, QLD, 4655",-25.29723080693281,152.7925287907059,Solid waste services,https://www.cleanaway.com.au/location/dundowran/,2024-03-10 23:59:24
Cleanaway Hervey Bay Municipal,"18-20 Ellengowan Street, Urangan, Hervey Bay, QLD, 4655",-25.316874658210253,152.88993332407378,Solid waste services,https://www.cleanaway.com.au/location/urangan/,2024-03-10 23:59:29
Cleanaway Holtze Solid Waste Depot,"875 Stuart Highway, Holtze, NT, 0829",-12.452588140179698,130.96376462949073,"Liquid waste services, Industrial waste services",https://www.cleanaway.com.au/location/darwin-holtze/,2024-03-10 23:59:35
Cleanaway Hume - Solid Waste Services,"88 Sawmill Cct, Hume, ACT, 2620",-35.39688911546692,149.15948837314696,Solid waste services,https://www.cleanaway.com.au/location/hume/,2024-03-10 23:59:40
Cleanaway Inkerman - Solid Waste Services,"Landfill Waste Service Prime Road, Inkerman, SA, 5501",-34.283768033796704,138.25928876407573,Solid waste services,https://www.cleanaway.com.au/location/inkerman/,2024-03-10 23:59:46
Cleanaway Innisfail - Solid Waste Services,"70 Goondi Mill Road, Innisfail, QLD, 4860",-17.51205952580729,146.00660426734922,Solid waste services,https://www.cleanaway.com.au/location/innisfail/,2024-03-10 23:59:51
Cleanaway Invermay - Liquid & Industrial Waste Services,"29 Churchill Park Dr, Invermay, TAS, 7248",-41.417534657925245,147.1432381449959,Liquid waste services,https://www.cleanaway.com.au/location/invermay/,2024-03-10 23:59:56
Cleanaway Kalgoorlie - Solid Waste Services,"5 Carnegie Street, Kalgoorlie, WA, 6430",-30.7858236500685,121.44167060172626,Solid waste services,https://www.cleanaway.com.au/location/kalgoorlie-2/,2024-03-11 00:00:02
Kalgoorlie Waste Depot,"5, Carnegie St. Broadwood Western Australia, 6430",-30.78590146457046,121.44159594982759,Miscellaneous,https://www.cleanaway.com.au/location/kalgoorlie-boulder-csw/,2024-03-11 00:00:06
Cleanaway Karratha Industrial Waste Services,"Lot 126 Tom Price Road, Cooya Pooya, WA 6714",-20.8070954635893,116.77351190870094,Industrial waste services,https://www.cleanaway.com.au/location/karratha-industrial-services/,2024-03-11 00:00:08
Cleanaway Karratha - Solid Waste Depot,"Lot 609 Warlu Rd, Cooya Pooya WA 6714",-20.811025148568405,116.77345550898944,Solid waste services,https://www.cleanaway.com.au/location/karratha/,2024-03-11 00:00:16
Cleanaway Katherine - Solid Waste Services,"2 Murray Street, Katherine, NT, 0850",-14.483119441103426,132.25791713483042,Solid waste services,https://www.cleanaway.com.au/location/katherine/,2024-03-11 00:00:21
Cleanaway Katoomba – Solid Waste Services,"41 Barton Street, Katoomba, NSW, 2780",-33.70124863930182,150.31654471987724,"Solid waste services, Office",https://www.cleanaway.com.au/location/katoomba/,2024-03-11 00:00:28
Cleanaway Kemps Creek Resource Recovery Park,"1725 Elizabeth Drive, Kemps Creek. NSW 2178",-33.86945869624841,150.7624556675415,Solid waste services,https://www.cleanaway.com.au/location/cleanaway-kemps-creek-resource-recovery-park/,2024-03-11 00:00:33
Cleanaway Kooragang - Industrial Waste Services,"19 Egret Street, Kooragang, NSW, 2304",-32.88018550749655,151.767324081438,Industrial waste services,https://www.cleanaway.com.au/location/kooragang-industrial/,2024-03-11 00:00:39
Cleanaway Kooragang TTS – Liquid Waste Services,"47 Raven Street, Kooragang Island, NSW, 2304",-32.88023893004462,151.76733075808517,Liquid waste services,https://www.cleanaway.com.au/location/kooragang-tts/,2024-03-11 00:00:44
Cleanaway Koorlong Mildura Solid Waste Service,"428 Magnum Avenue, Koorlong (Mildura), VIC, 3500",-34.3392551,142.0981271,Office,https://www.cleanaway.com.au/location/koorlong/,2024-03-11 00:00:48
Kronkup,"Lower Denmark Road, Kronkup, WA, 6330",-35.0207326,117.6844069,Office,https://www.cleanaway.com.au/location/kronkup/,2024-03-11 00:00:54
Cleanaway Kununurra Depot,"1 Kentia Way, Kununurra , WA, 6743",-15.757934871018726,28.7460208588387,Solid waste services,https://www.cleanaway.com.au/location/kununurra/,2024-03-11 00:00:59
Cleanaway Kwinana - Industrial Waste Services,"27 Beach Street, Kwinana Beach, WA, 6167",-32.24411646774499,115.78033381094963,"Industrial waste services, Office",https://www.cleanaway.com.au/location/kwinana/,2024-03-11 00:01:05
Cleanaway Kwinana - Technical and Environmental Services,"Lot 4 Mason Road, Kwinana Beach, WA, 6167",-32.224363166799755,115.77669195174767,Liquid waste services,https://www.cleanaway.com.au/location/kwinana-tes/,2024-03-11 00:01:10
Cleanaway Laverton MRF and Plastic Recovery Facility,"32 Gilbertson Rd, Laverton, Vic, 3026",-37.82160991723898,144.79576105261842,Solid waste services,https://www.cleanaway.com.au/location/laverton-mrf/,2024-03-11 00:01:18
Cleanaway Laverton Technical Waste Services,"83 Dohertys Road, Laverton North, VIC, 3026",-37.829259684202576,144.79461135320793,Liquid waste services,https://www.cleanaway.com.au/location/laverton-north/,2024-03-11 00:01:23
Cleanaway Leongatha Municipal Solid Waste Services,"1 Cusack Rd, Leongatha, VIC, 3953",-38.46515802548319,145.95943114716567,"Solid waste services, Office",https://www.cleanaway.com.au/location/leongatha/,2024-03-11 00:01:27
Cleanaway Lismore CDS Solid Waste Depot,"17 Habib Drive, Lismore, NSW, 2480",-28.822906277110995,153.26188231950778,Solid waste services,https://www.cleanaway.com.au/location/lismore/,2024-03-11 00:01:34
Cleanaway Lonsdale - Solid Waste Services,"Lot 79 Liston Road, Lonsdale, SA, 5160",-35.096019826247016,138.50125136275895,Solid waste services,https://www.cleanaway.com.au/location/lonsdale-lot-79-liston-road/,2024-03-11 00:01:40
Cleanaway Lonsdale - Waste and Recycling Depot,"10 Donegal Road , Lonsdale, SA, 5160",-35.11899613364654,138.49303886929948,Miscellaneous,https://www.cleanaway.com.au/location/lonsdale-sawaste/,2024-03-11 00:01:41
Lucas Heights Organic Resource Recovery Facility,"Little Forest Road, Lucas Heights. NSW 2234",-34.0458007,150.9736569,Solid waste services,https://www.cleanaway.com.au/location/cleanaway-lucas-heights-orrf/,2024-03-11 00:01:46
Cleanaway Lucas Heights Resource Recovery Park,"Little Forest Road, Lucas Heights. NSW 2234",-34.04483428673299,150.9731024434171,Solid waste services,https://www.cleanaway.com.au/location/cleanaway-lucas-heights-rrp/,2024-03-11 00:01:51
Cleanaway Lysterfield Resource Recovery Centre,"840 Wellington Road, Lysterfield, VIC, 3156",-37.943951894124,145.3191043353757,Solid waste services,https://www.cleanaway.com.au/location/lysterfield/,2024-03-11 00:01:53
Maddington Jade Street,"22-24 Jade Street, Maddington, WA, 6109",-32.03925999544982,115.99922766376258,Miscellaneous,https://www.cleanaway.com.au/location/maddington-2/,2024-03-11 00:02:00
Maddington Kenwick Rd Liquid Waste Services,"280 Kenwick Road, Maddington, WA, 6109",-32.02958970620715,115.99848870307103,Liquid waste services,https://www.cleanaway.com.au/location/maddington-kenwick/,2024-03-11 00:02:06
Maddington Valencia Way,"Lot 579 Valencia Way, Maddington, WA, 6109",-32.03567189355669,115.99618977792727,Miscellaneous,https://www.cleanaway.com.au/location/maddington/,2024-03-11 00:02:12
Cleanaway Malaga - Solid Waste Services,"171 Camboon Road, Malaga, WA, 6530",-31.866000861367514,115.88811538148046,Solid waste services,https://www.cleanaway.com.au/location/malaga/,2024-03-11 00:02:16
Cleanaway Mandurah - Solid Waste Services,"101 Park Road, Mandurah, WA, 6210",-32.51531772998657,115.7438272000268,Solid waste services,https://www.cleanaway.com.au/location/mandurah-2/,2024-03-11 00:02:22
Mandurah Tip: Transfer Station,"80 Corsican Pl, Parklands, WA, 6180",-32.504415610631085,115.75982899045232,Transfer Station,https://www.cleanaway.com.au/location/mandurah/,2024-03-11 00:02:29
Cleanaway Manjimup — Solid Waste Depot,"9 Gandy Street, Manjimup, WA, 6258",-34.25550049801965,116.149420262724,Solid waste services,https://www.cleanaway.com.au/location/manjimup-solid-waste/,2024-03-11 00:02:34
Mansfield,"C/- Trans Ag. Withers Lane, Mansfield, VIC, 3722",-37.0521693,146.0881238,Office,https://www.cleanaway.com.au/location/mansfield/,2024-03-11 00:02:40
Cleanaway Margaret River Solid Waste Depot,"17 Auger Way, Margaret River, WA, 6285",-33.96672800321526,115.07210875324134,"Solid waste services, Office",https://www.cleanaway.com.au/location/margaret-river/,2024-03-11 00:02:45
Cleanaway Melbourne Corporate Head Office,"Level 4, 441 St Kilda Road, Melbourne, VIC, 3004",-37.83943217730081,144.97763336491647,Office,https://www.cleanaway.com.au/location/melbourne/,2024-03-11 00:02:51
Cleanaway Mildura - Solid Waste Services,"359 Benetook Avenue, Mildura, VIC, 3500",-34.199754995397875,142.17421414333316,"Solid waste services, Liquid waste services",https://www.cleanaway.com.au/location/mildura/,2024-03-11 00:02:59
Cleanaway Milton Corporate Office,"Level 7, 135 Coronation Drive, Milton, QLD, 4064",-27.470353744143594,153.00765615951624,Office,https://www.cleanaway.com.au/location/milton/,2024-03-11 00:03:03
Cleanaway Monash Solid Waste Transfer Station,"92 Hoskin Road, Monash, SA, 5342",-34.25684598862214,140.60508893627267,Solid waste services,https://www.cleanaway.com.au/location/monash/,2024-03-11 00:03:08
Cleanaway Moranbah - Liquid Waste Services,"13 - 19 Thorpe Street, Moranbah, QLD, 4744",-21.98603455754195,148.01488531938543,Liquid waste services,https://www.cleanaway.com.au/location/moranbah/,2024-03-11 00:03:15
Cleanaway Morningside - Solid Waste Services,"42 Manton Street , Morningside, QLD, 4170",-27.452751757838953,153.07732429982818,Solid waste services,https://www.cleanaway.com.au/location/morningside/,2024-03-11 00:03:23
Cleanaway Mornington - Solid Waste Services,"12A Carbine Way, Mornington, VIC, 3931",-38.23047984961146,145.06867493070044,"Solid waste services, Office",https://www.cleanaway.com.au/location/mornington-2/,2024-03-11 00:03:28
Cleanaway Morwell Industrial Waste Services,6-8 Wegner Street Morwell Victoria 3840,-38.22987945430703,146.39682829111084,Industrial waste services,https://www.cleanaway.com.au/location/morwell-industrial-waste-services/,2024-03-11 00:03:33
Cleanaway Morwell Solid Waste Services Municipal,"132-160 Princes Drive (Corser Rd), Morwell, VIC, 3840",-38.2335502609417,146.44215252731158,Solid waste services,https://www.cleanaway.com.au/location/morwell-municipal/,2024-03-11 00:03:39
Cleanaway Mount Gambier Depot,"7 Eucalypt Drive, Mount Gambier, SA, 5290",-37.84419478990542,140.8039420311392,Solid waste services,https://www.cleanaway.com.au/location/mount-gambier/,2024-03-11 00:03:46
Cleanaway Mt. Isa - Liquid and Industrial Waste Services,"13 Northridge Rd, Kalkadoon, QLD, 4825",-20.688098241779148,139.48826886228483,Liquid waste services,https://www.cleanaway.com.au/location/mt-isa/,2024-03-11 00:03:52
Cleanaway Mulgrave Industrial Waste Services,"10-16 Geddes Street, Mulgrave, VIC, 3170",-37.90667170885494,145.15499356349,Industrial waste services,https://www.cleanaway.com.au/location/mulgrave/,2024-03-11 00:03:59
Cleanaway Narangba – Hazardous Liquid Waste Services,"8-12 Krypton Street, Narangba, QLD, 4504",-27.198908583422064,153.00245588654735,Liquid waste services,https://www.cleanaway.com.au/location/narangba-liquid-waste-services/,2024-03-11 00:04:05
Cleanaway Narangba Solid Waste Municipal,"56 - 60 Saltwater Circuit, Narangba, QLD, 4504",-27.206933789931885,152.9885814522348,Solid waste services,https://www.cleanaway.com.au/location/narangba-2/,2024-03-11 00:04:11
Cleanaway Narangba Vacuum Truck Liquid Waste Services,"109 Potassium Street, Narangba, QLD, 4504",,,,https://www.cleanaway.com.au/location/narangba/,2024-03-11 00:04:18
Cleanaway Narangba Waste Facility,"26-32 Potassium Street, Narangba, QLD, 4504",-27.199652962460615,153.00675098434937,Liquid waste services,https://www.cleanaway.com.au/location/narangba-3/,2024-03-11 00:04:21
Cleanaway Narangba - Waste Transfer Station,"200 Potassium Street, Narangba, QLD, 4504",-27.198941361528483,152.98986424218432,Solid waste services,https://www.cleanaway.com.au/location/narangba-transfer-station/,2024-03-11 00:04:25
Cleanaway New Chum - Solid Waste Services,"100 Chum Street, New Chum, QLD, 4303",-27.607929297837284,152.83432464445465,Solid waste services,https://www.cleanaway.com.au/location/new-chum/,2024-03-11 00:04:29
Cleanaway Newman Solid Waste Depot,"1568 Woodstock street, Newman, WA, 6753",-23.37238971273152,119.7304318632627,"Solid waste services, Industrial waste services",https://www.cleanaway.com.au/location/newman/,2024-03-11 00:04:31
Cleanaway Newstead — Solid Waste Services,"37 Birch Avenue, Newstead, TAS, 7250","-41.43499492006276,",147.16411281003428,Miscellaneous,https://www.cleanaway.com.au/location/newstead/,2024-03-11 00:04:33
Cleanaway Nhulunbuy - Industrial Waste Services,"1 Melville Bay Road, C/O Rio Tinto Gove Nhulunbuy, NT, 0880",-12.190803970805476,136.75348626523842,Industrial waste services,https://www.cleanaway.com.au/location/nhulunbuy/,2024-03-11 00:04:35
Cleanaway Northgate - Solid Waste Services,"172 Crockford Street, Northgate, QLD, 4013",-27.389485848175312,153.08118133290225,Solid waste services,https://www.cleanaway.com.au/location/northgate/,2024-03-11 00:04:38
Cleanaway Nowra - Solid Waste Services,"7 Tom Thumb Avenue, Nowra, NSW, 2541",-34.91319521406604,150.57975414316385,"Solid waste services, Office",https://www.cleanaway.com.au/location/nowra/,2024-03-11 00:04:40
Cleanaway Orange Depot - Health Services,"Unit 1, 191 Byng Street, Orange, NSW, 2800",-33.28154054011117,149.1072033609523,Miscellaneous,https://www.cleanaway.com.au/location/byng-st-orange/,2024-03-11 00:04:43
Cleanaway Orange Liquid Waste Depot,"28 Leewood Drive, Orange, NSW, 2800",-33.31265210461621,149.11038410411652,Liquid waste services,https://www.cleanaway.com.au/location/orange/,2024-03-11 00:04:45
Cleanaway Oxley Solid Waste Services,"2145 Ipswich Road, Oxley, QLD, 4075",-27.56361920076197,152.98561766604732,Solid waste services,https://www.cleanaway.com.au/location/oxley/,2024-03-11 00:04:47
Cleanaway Padstow Liquid Waste Services,"12 Stuart Street, Padstow, NSW, 2211",-33.94460372431617,151.03765259217488,Liquid waste services,https://www.cleanaway.com.au/location/padstow/,2024-03-11 00:04:49
Cleanaway Paget Mackay - Liquids Waste Services,"Lot 3 Crichtons Rd, Paget, QLD, 4740",-21.192329001937534,149.16306718588277,Liquid waste services,https://www.cleanaway.com.au/location/pagetmackay/,2024-03-11 00:04:52
Cleanaway Paget Mackay - Solid Waste Services,"Lot 3 Crichtons Rd, Paget, QLD, 4740",-21.19235356780925,149.16304804510474,Miscellaneous,https://www.cleanaway.com.au/location/cleanaway-paget-mackay-solid-waste-services/,2024-03-11 00:04:56
Parkes NSW,"28 May Street, Parkes, NSW, 2600",-33.142893360569104,148.18106230338034,Miscellaneous,https://www.cleanaway.com.au/location/parkes/,2024-03-11 00:05:00
Cleanaway Parkeston - Liquid Waste Services,"Lot 33 Yarri Road, Parkeston, WA, 6434",-30.709772179524332,121.50860663517295,"Liquid waste services, Office",https://www.cleanaway.com.au/location/parkeston/,2024-03-11 00:05:03
Cleanaway Parkhurst - Solid Waste Services,"78 Waurn Street, Parkhurst, QLD, 4701",-23.33329659990984,150.50397830176257,Solid waste services,https://www.cleanaway.com.au/location/parkhurst/,2024-03-11 00:05:06
Cleanaway Peakhurst Solid Waste Depot,"8-10 Depot Road, Peakhurst, NSW, 2210",-33.967708831581746,151.06289692810822,Solid waste services,https://www.cleanaway.com.au/location/peakhurst/,2024-03-11 00:05:10
Perth MRF,"72 Hyne Road, South Guildford, WA, 6055",-31.915738733432097,115.96737529065089,Miscellaneous,https://www.cleanaway.com.au/location/perth-material-recovery-facility/,2024-03-11 00:05:14
Cleanaway Pinjarra,"Alocoa Access Road, South West Highway, Pinjarra, WA, 6208",-32.6599049,115.8285153,Office,https://www.cleanaway.com.au/location/pinjarra/,2024-03-11 00:05:18
Cleanaway Port Adelaide - Solid Waste Services,"2 Francis Rd, Wingfield SA 5013, Australia",-34.84442097392786,138.5429558408226,Solid waste services,https://www.cleanaway.com.au/location/port-adelaide/,2024-03-11 00:05:21
Cleanaway Port Augusta Solid Waste Transfer Station,"Lot 10 Footner Road, Port Augusta, SA, 5710",-32.505562227210376,137.81003601306412,Solid waste services,https://www.cleanaway.com.au/location/stirling-north/,2024-03-11 00:05:25
Cleanaway Port Hedland Liquid & Technical Services,"20 Schillaman Street, Wedgefield, WA, 6721",-20.369422264466657,118.59883877462673,Liquid waste services,https://www.cleanaway.com.au/location/wedgefield/,2024-03-11 00:05:28
Cleanaway Port Hedland Solid Waste Services,"1 Peawah St, Wedgefield, WA, 6721",-20.372336374583497,118.59275727961628,"Solid waste services, Office",https://www.cleanaway.com.au/location/port-hedland/,2024-03-11 00:05:30
Cleanaway Port Kembla Liquid Waste Services,"Recycling Area 21, Bluescope Steel, Springhill Road, Port Kembla, NSW, 2505",-34.45520241169187,150.87265678476146,Liquid waste services,https://www.cleanaway.com.au/location/port-kembla/,2024-03-11 00:05:31
Cleanaway Portarlington Road Moolap Depot,"317 Portarlington Road, Moolap, VIC, 3224",-38.16548988320143,144.42027733885604,Solid waste services,https://www.cleanaway.com.au/location/moolap/,2024-03-11 00:05:35
Cleanaway Portsmith Cairns Solid Waste Services,"66 Fearnley Street, Portsmith Cairns, QLD, 4870",-16.935437983447315,145.77113796653825,Solid waste services,https://www.cleanaway.com.au/location/portsmith/,2024-03-11 00:05:38
Cleanaway Queanbeyan Liquid Waste Depot,"42B Aurora Ave, Queanbeyan, NSW, 2620",-35.33834372891299,149.24804793546613,Liquid waste services,https://www.cleanaway.com.au/location/queanbeyan/,2024-03-11 00:05:42
Cleanaway Ramsay SA,"Section 100 Dump Road, Ramsay, SA, 5575",-34.79998343337878,137.78792400506998,Miscellaneous,https://www.cleanaway.com.au/location/ramsay-sa/,2024-03-11 00:05:46
Cleanaway Ravenhall Melbourne Regional Landfill,"1100-1152 Christies Road, Ravenhall, VIC, 3023",-37.78769471213414,144.7224335342535,Miscellaneous,https://www.cleanaway.com.au/location/ravenhall/,2024-03-11 00:05:49
Cleanaway Rockdale Resource Recovery Centre,"5 Lindsay Street, Rockdale. NSW 2116",-33.95829848119168,151.14379702769418,Solid waste services,https://www.cleanaway.com.au/location/cleanaway-rockdale-resource-recovery-centre/,2024-03-11 00:05:51
Cleanaway Rockhampton NWO & ERS Liquid Waste Service,"Dooley St & Robinson St, Rockhampton City, QLD, 4700",-23.363432807784612,150.50999940984047,Liquid waste services,https://www.cleanaway.com.au/location/rockhampton/,2024-03-11 00:05:53
Cleanaway Rokeby Technical and Environmental Services,"8/73 Droughty Point Road, Rokeby, TAS, 7018",-42.906018245308054,147.4419780444115,Miscellaneous,https://www.cleanaway.com.au/location/rokeby/,2024-03-11 00:05:56
Cleanaway Roma Industrial Waste Services,"27 - 31 Linton Street, Roma, QLD, 4455",-26.582765184930075,148.77704248162357,Industrial waste services,https://www.cleanaway.com.au/location/roma/,2024-03-11 00:05:59
Cleanaway Rutherford Refinery,"11 Kyle St, Rutherford, NSW, 2320",-32.710217045609525,151.49925201764503,Office,https://www.cleanaway.com.au/location/rutherford-2/,2024-03-11 00:06:01
Cleanaway Rutherford Waste Oil Collection Facility,"99 Kyle Street, Rutherford, NSW, 2320",-32.71265285026184,151.50138013401113,Liquid waste services,https://www.cleanaway.com.au/location/rutherford/,2024-03-11 00:06:03
Cleanaway Ryde Resource Recovery Centre,"145 Wicks Road, Ryde. NSW 2116",-33.78582925278756,151.1384890509105,Solid waste services,https://www.cleanaway.com.au/location/cleanaway-ryde-resource-recovery-centre/,2024-03-11 00:06:05
Cleanaway Seymour Solid Waste Service,"61 Emily Street, Seymour, VIC, 3660",-37.01818700175218,145.1333478275846,Office,https://www.cleanaway.com.au/location/seymour/,2024-03-11 00:06:09
Cleanaway Shepparton Solid Waste Services,"73 Old Dookie Road, Shepparton, VIC, 3630",-36.377039045423395,145.42430774486468,Office,https://www.cleanaway.com.au/location/shepparton/,2024-03-11 00:06:10
Cleanaway Skips,"158 Frederick Street, Welland, SA, 5007",-34.910169021919465,138.55829289857417,Solid waste services,https://www.cleanaway.com.au/location/welland/,2024-03-11 00:06:14
Cleanaway Smythesdale,"1380 Glenelg Highway, Smythesdale, VIC, 3351",-37.652060,143.670400,Miscellaneous,https://www.cleanaway.com.au/location/smythesdale/,2024-03-11 00:06:17
Cleanaway Somersby - Solid Waste Services,"75 Pile Road, Somersby, NSW, 2250",-33.40841394319126,151.28472585168598,Solid waste services,https://www.cleanaway.com.au/location/somersby/,2024-03-11 00:06:21
Cleanaway South Geelong Resource Recovery Transfer Station,"22 Wood St, South Geelong VIC 3220",-38.16898778012702,144.36845541153232,Solid waste services,https://www.cleanaway.com.au/location/south-geelong/,2024-03-11 00:06:24
Cleanaway South Kempsey – Solid Waste Services,"42 South Street, South Kempsey, NSW, 2440",-31.100181076598474,152.82570354747952,"Solid waste services, Office",https://www.cleanaway.com.au/location/kempsey/,2024-03-11 00:06:26
Cleanaway South Windsor Liquid Waste Services,"Corner of Blackman Crescent and Fairey road, South Windsor, NSW, 2756",-33.62512997774327,150.8148539135821,Liquid waste services,https://www.cleanaway.com.au/location/south-windsor/,2024-03-11 00:06:29
Cleanaway Southwest Solid Waste Services,"Lot 171 Boyanup, Picton Rd,Picton, WA, 6229",-33.3532421245250,115.69951020544082,Miscellaneous,https://www.cleanaway.com.au/location/bunbury/,2024-03-11 00:06:32
Cleanaway St Marys Industrial and Technical Waste Services,"42-46 Charles Street, St Marys, NSW, 2760",-33.7443541093107,150.76981404654026,"Hazardous Soil Treatment, Industrial Waste Services Depot",https://www.cleanaway.com.au/location/st-marys/,2024-03-11 00:06:36
Cleanaway St Marys Liquid Waste Services,"40 Christie Street, St Marys, NSW, 2760",-33.74794369397784,150.77082641563322,Liquid waste services,https://www.cleanaway.com.au/location/st-marys-liquid-waste-services/,2024-03-11 00:06:38
Cleanaway Stratford - Liquid Waste Services,"63 Greenbank Rd, Stratford, QLD, 4870",-16.86956135933898,145.74046373897224,Liquid waste services,https://www.cleanaway.com.au/location/stratford/,2024-03-11 00:06:40
Cleanaway Sunshine West Industrial Waste Services,"16 Industrial Drive, Sunshine West, VIC, 3013",-37.81026713090877,144.81531514946656,Industrial waste services,https://www.cleanaway.com.au/location/sunshine-west/,2024-03-11 00:06:43
Cleanaway Swan Hill Solid Waste Services,"21 Quin Drive, Swan Hill, VIC, 3585",-35.34504393650596,143.53471054108584,Solid waste services,https://www.cleanaway.com.au/location/cleanaway-swan-hill/,2024-03-11 00:06:47
Cleanaway Sydney Olympic Park - Industrial Waste Services,"cnr Hill Rd & Pondage Link, Sydney Olympic Park, NSW, 2127",-33.84232190103701,151.05902325980506,Industrial waste services,https://www.cleanaway.com.au/location/sydney-olympic-park/,2024-03-11 00:06:50
Cleanaway Tamworth @Gunnedah Rd - Solid waste service,"31 Gunnedah Rd, Taminda, NSW, 2340",-31.09587265228226,150.90517033569827,Miscellaneous,https://www.cleanaway.com.au/location/tamworth-2/,2024-03-11 00:06:53
Cleanaway Tamworth - Solid Waste Services,"13 Anson Street, Taminda, NSW, 2340",-31.089898679901008,150.91054136266985,Solid waste services,https://www.cleanaway.com.au/location/tamworth/,2024-03-11 00:06:57
Cleanaway Thomastown Grease Trap Services,"11 Chaffey Street, Thomastown, VIC, 3074",-37.68991455100399,145.00463870412375,Liquid waste services,https://www.cleanaway.com.au/location/thomastown/,2024-03-11 00:07:00
Thurla,"428 Magnum Avenue (Koorlong), Thurla, VIC, 3496",-34.33924442041548,142.0981279276598,Office,https://www.cleanaway.com.au/location/thurla/,2024-03-11 00:07:02
Thurla Solid Waste Services,"428 Magnum Avenue (Koorlong), Thurla, VIC, 3496",-34.33924552522761,142.09812723192783,"Transfer Station, Office, Public Waste Drop-off, Commercial Waste Drop-off",https://www.cleanaway.com.au/location/thurla-solid-waste-services/,2024-03-11 00:07:04
Cleanaway Toowoomba – Liquid Waste Services,"27-35 Wilkinson St, Toowoomba, QLD, 4350",-27.536491358819948,151.9509750038121,Liquid waste services,https://www.cleanaway.com.au/location/toowoomba/,2024-03-11 00:07:07
Cleanaway Townsville NQRR,"96-102 Enterprise Street, Bohle, QLD, 4818",-19.254110478190434,146.71308489997946,Miscellaneous,https://www.cleanaway.com.au/location/townsville-nqrr/,2024-03-11 00:07:11
Cleanaway Tullamarine Solid Waste Depot,"206-300 Western Avenue, Tullamarine, VIC, 3043",-37.67575651293539,144.86538768532327,"Solid waste services, Office",https://www.cleanaway.com.au/location/tullamarine/,2024-03-11 00:07:14
Cleanaway Unanderra – Medical Waste Services,"10-14 Industrial Road, Unanderra, NSW, 2526",-34.463930429547275,150.85618033057716,Miscellaneous,https://www.cleanaway.com.au/location/industrial-road-unanderra/,2024-03-11 00:07:17
Cleanaway Unanderra Waste Depot - Solid Waste Services,"5 Charcoal Close, Unanderra, NSW, 2526",-34.45884306921514,150.8530455657857,Solid waste services,https://www.cleanaway.com.au/location/unanderra/,2024-03-11 00:07:21
Cleanaway Unanderra Waynote Place Industrial Services,"10-12 Waynote Place, Unanderra, NSW, 2526",-34.460265,150.8633155,"Liquid waste services, Industrial waste services, Office",https://www.cleanaway.com.au/location/unanderra-3/,2024-03-11 00:07:23
Cleanaway Wagga Wagga - Solid Waste Services,"9 Schiller Street, Wagga Wagga NSW 2650 Australia",-35.12764190922321,147.4136964940244,Solid waste services,https://www.cleanaway.com.au/location/wagga-wagga/,2024-03-11 00:07:26
Cleanaway Warooka Waste Transfer Station & Recycling Centre,"Tuckokcowie Road, Warooka, SA, 5577",-34.991525609567866,137.42958691778773,Miscellaneous,https://www.cleanaway.com.au/location/warooka-sa/,2024-03-11 00:07:29
Cleanaway Warrnambool Bin Hire and Waste Drop Off,"355 Koroit Street, Warrnambool VIC 3280",-38.37571400011774,142.46415810075274,Miscellaneous,https://www.cleanaway.com.au/location/warrnambool/,2024-03-11 00:07:33
Cleanaway Webberton Solid Waste Services,"11 Connolly Street, Webberton , WA, 6530",-28.748278356854854,114.62827788098731,Solid waste services,https://www.cleanaway.com.au/location/webberton/,2024-03-11 00:07:35
Cleanaway Wetherill Park Waste Motor Oil Recycling,"6 Davis Road/2 Wenban Place, Wetherill Park, NSW, 2164",-33.837152894458214,150.90440315644275,Miscellaneous,https://www.cleanaway.com.au/location/wetherill-park/,2024-03-11 00:07:37
Cleanaway Whyalla One Steel - Industrial Waste Services,"27 Bowers Court, Whyalla Barson, SA, 5601",-33.008009,137.572109,Industrial waste services,https://www.cleanaway.com.au/location/whyalla-one-steel-cleanaway/,2024-03-11 00:07:39
Cleanaway Whyalla Playford Industrial Services,"132B Norrie Avenue, Whyalla, SA, 5600",-33.038010670814074,137.55243296595594,Liquid waste services,https://www.cleanaway.com.au/location/whyalla/,2024-03-11 00:07:41
Cleanaway Willawong Recycling & Transfer Station,"343 Bowhill Road, Willawong, QLD, 4068",-27.582836114938612,152.99688907576672,Solid waste services,https://www.cleanaway.com.au/location/willawong/,2024-03-11 00:07:44
Cleanaway Wingfield – Liquid Waste Services,"20 George Street, Wingfield, SA, 5013",-34.83475550287251,138.56438246007562,"Liquid waste services, Office",https://www.cleanaway.com.au/location/wingfield-2/,2024-03-11 00:07:48
Wingfield Resource Recovery Centre,"Hanson Road, Wingfield, SA 5013",-34.83065925891953,138.54731182037293,Transfer Station,https://www.cleanaway.com.au/location/wingfield/,2024-03-11 00:07:50
Cleanaway Wodonga Industrial Waste Services,"2/9 Romet Road, Wodonga, VIC, 3690",-36.11166500739213,146.85815657030102,Industrial waste services,https://www.cleanaway.com.au/location/wodonga/,2024-03-11 00:07:52
Cleanaway Wyong Solid Waste Depot,"1 Amsterdam Circuit, Wyong, NSW, 2259",-33.264526357566275,151.45145710619676,"Solid waste services, Office",https://www.cleanaway.com.au/location/wyong/,2024-03-11 00:07:54
Cleanaway Yatala Liquid Waste Services,"29 Binary St, Yatala, QLD, 4207",-27.757649419169535,153.23397267269092,Liquid waste services,https://www.cleanaway.com.au/location/yatala/,2024-03-11 00:07:56
Cleanaway Young - Solid Waste Services,"20 Chillingworks Rd, Young, NSW, 2594",-34.30134824214955,148.2713198766994,Solid waste services,https://www.cleanaway.com.au/location/young-nsw/,2024-03-11 00:07:58
Melbourne Energy & Resource Centre,"510 Summerhill Road, Wollert VIC 3750",-37.57592265294685,144.97817345499203,Miscellaneous,https://www.cleanaway.com.au/location/melbourne-energy-and-resource-centre/,2024-03-11 00:08:02
Wallerawang Energy & Resource Centre,"Old Power Station Site, Wallerawang, NSW 2845",-33.3986041,150.0782163,Miscellaneous,https://www.cleanaway.com.au/location/wallerawang-energy-and-resource-centre/,2024-03-11 00:08:05
